<Configuration>
   <ConfigClassify name="MSSQL" description="Engine">
    <Field name="driver" value="com.microsoft.jdbc.sqlserver.SQLServerDriver" description="" />
    <Field name="address" value="jdbc:microsoft:sqlserver://127.0.0.1:1433;DatabaseName=BNVDB" description="ContextServiceURL" />
    <Field name="user" value="sa" description="UserName" />
    <Field name="passwd" value="sa" description="Password" />
  </ConfigClassify>
  <ConfigClassify name="Lucene" description="Lucene param">
    <Field name="lucenepath" value="lucenepath" description=""/>  
    <Field name="sourcepath" value="sourcepath" description=""/>
  </ConfigClassify>    
</Configuration>